{"cameraMode":{"drawMode":0,"name":"Shaded","section":"Shading Mode"},"sceneLighting":true,"audioPlay":false,"sceneViewState":{"showFog":true,"showMaterialUpdate":true,"showSkybox":true,"showFlares":true,"showImageEffects":true,"showParticleSystems":true},"in2DMode":false,"pivot":{"x":423.1000061035156,"y":97.4000015258789,"z":44.0},"rotation":{"x":-0.078904889523983,"y":0.14214634895324708,"z":-0.011430086567997933,"w":-0.9866743683815002},"size":21.010000228881837,"orthographic":false}